20-e1#0000	1	--n5 16 --n4 6 --n3 4 --n2 0 --n1 0 --c1 0 --spans 4 --bq1 0 --x4h 0 --defect none
20-e1#0001	1	--n5 17 --n4 4 --n3 5 --n2 0 --n1 0 --c1 0 --spans 4 --bq1 0 --x4h 0 --defect none
20-e1#0002	1	--n5 17 --n4 5 --n3 4 --n2 0 --n1 0 --c1 0 --spans 3 --bq1 0 --x4h 0 --defect none
20-e1#0003	1	--n5 17 --n4 5 --n3 3 --n2 1 --n1 0 --c1 0 --spans 4 --bq1 0 --x4h 0 --defect none
20-e1#0004	1	--n5 18 --n4 2 --n3 6 --n2 0 --n1 0 --c1 0 --spans 4 --bq1 0 --x4h 0 --defect none
20-e1#0005	1	--n5 18 --n4 3 --n3 5 --n2 0 --n1 0 --c1 0 --spans 3 --bq1 0 --x4h 0 --defect none
20-e1#0006	1	--n5 18 --n4 3 --n3 4 --n2 1 --n1 0 --c1 0 --spans 4 --bq1 0 --x4h 0 --defect none
20-e1#0007	1	--n5 18 --n4 4 --n3 4 --n2 0 --n1 0 --c1 0 --spans 2 --bq1 0 --x4h 0 --defect none
20-e1#0008	1	--n5 18 --n4 4 --n3 3 --n2 1 --n1 0 --c1 0 --spans 3 --bq1 0 --x4h 0 --defect none
20-e1#0009	1	--n5 18 --n4 4 --n3 3 --n2 0 --n1 1 --c1 0 --spans 4 --bq1 0 --x4h 0 --defect none
20-e1#0010	1	--n5 18 --n4 4 --n3 2 --n2 2 --n1 0 --c1 0 --spans 4 --bq1 0 --x4h 0 --defect none
20-e1#0011	1	--n5 19 --n4 0 --n3 7 --n2 0 --n1 0 --c1 0 --spans 4 --bq1 0 --x4h 0 --defect none
20-e1#0012	1	--n5 19 --n4 1 --n3 6 --n2 0 --n1 0 --c1 0 --spans 3 --bq1 0 --x4h 0 --defect none
20-e1#0013	1	--n5 19 --n4 1 --n3 5 --n2 1 --n1 0 --c1 0 --spans 4 --bq1 0 --x4h 0 --defect none
20-e1#0014	1	--n5 19 --n4 2 --n3 5 --n2 0 --n1 0 --c1 0 --spans 2 --bq1 0 --x4h 0 --defect none
20-e1#0015	1	--n5 19 --n4 2 --n3 4 --n2 1 --n1 0 --c1 0 --spans 3 --bq1 0 --x4h 0 --defect none
20-e1#0016	1	--n5 19 --n4 2 --n3 4 --n2 0 --n1 1 --c1 0 --spans 4 --bq1 0 --x4h 0 --defect none
20-e1#0017	1	--n5 19 --n4 2 --n3 3 --n2 2 --n1 0 --c1 0 --spans 4 --bq1 0 --x4h 0 --defect none
20-e1#0018	1	--n5 19 --n4 3 --n3 3 --n2 1 --n1 0 --c1 0 --spans 2 --bq1 0 --x4h 0 --defect none
20-e1#0019	1	--n5 19 --n4 3 --n3 3 --n2 0 --n1 1 --c1 0 --spans 3 --bq1 0 --x4h 0 --defect none
20-e1#0020	1	--n5 19 --n4 3 --n3 2 --n2 2 --n1 0 --c1 0 --spans 3 --bq1 0 --x4h 0 --defect none
20-e1#0021	1	--n5 19 --n4 3 --n3 2 --n2 1 --n1 1 --c1 0 --spans 4 --bq1 0 --x4h 0 --defect none
20-e1#0022	1	--n5 19 --n4 3 --n3 1 --n2 3 --n1 0 --c1 0 --spans 4 --bq1 0 --x4h 0 --defect none
20-e1#0023	1	--n5 20 --n4 0 --n3 6 --n2 0 --n1 0 --c1 0 --spans 2 --bq1 0 --x4h 0 --defect none
20-e1#0024	1	--n5 20 --n4 0 --n3 5 --n2 1 --n1 0 --c1 0 --spans 3 --bq1 0 --x4h 0 --defect none
20-e1#0025	1	--n5 20 --n4 0 --n3 5 --n2 0 --n1 1 --c1 0 --spans 4 --bq1 0 --x4h 0 --defect none
20-e1#0026	1	--n5 20 --n4 0 --n3 4 --n2 2 --n1 0 --c1 0 --spans 4 --bq1 0 --x4h 0 --defect none
20-e1#0027	1	--n5 20 --n4 1 --n3 4 --n2 1 --n1 0 --c1 0 --spans 2 --bq1 0 --x4h 0 --defect none
20-e1#0028	1	--n5 20 --n4 1 --n3 4 --n2 0 --n1 1 --c1 0 --spans 3 --bq1 0 --x4h 0 --defect none
20-e1#0029	1	--n5 20 --n4 1 --n3 3 --n2 2 --n1 0 --c1 0 --spans 3 --bq1 0 --x4h 0 --defect none
20-e1#0030	1	--n5 20 --n4 1 --n3 3 --n2 1 --n1 1 --c1 0 --spans 4 --bq1 0 --x4h 0 --defect none
20-e1#0031	1	--n5 20 --n4 1 --n3 2 --n2 3 --n1 0 --c1 0 --spans 4 --bq1 0 --x4h 0 --defect none
20-e1#0032	1	--n5 20 --n4 2 --n3 3 --n2 0 --n1 1 --c1 0 --spans 2 --bq1 0 --x4h 0 --defect none
20-e1#0033	1	--n5 20 --n4 2 --n3 2 --n2 2 --n1 0 --c1 0 --spans 2 --bq1 0 --x4h 0 --defect none
20-e1#0034	1	--n5 20 --n4 2 --n3 2 --n2 1 --n1 1 --c1 0 --spans 3 --bq1 0 --x4h 0 --defect none
20-e1#0035	1	--n5 20 --n4 2 --n3 1 --n2 3 --n1 0 --c1 0 --spans 3 --bq1 0 --x4h 0 --defect none
20-e1#0036	1	--n5 20 --n4 2 --n3 2 --n2 0 --n1 2 --c1 0 --spans 4 --bq1 0 --x4h 0 --defect none
20-e1#0037	1	--n5 20 --n4 2 --n3 1 --n2 2 --n1 1 --c1 0 --spans 4 --bq1 0 --x4h 0 --defect none
20-e1#0038	1	--n5 20 --n4 2 --n3 0 --n2 4 --n1 0 --c1 0 --spans 4 --bq1 0 --x4h 0 --defect none
20-e1#0039	1	--n5 21 --n4 0 --n3 4 --n2 0 --n1 1 --c1 0 --spans 2 --bq1 0 --x4h 0 --defect none
20-e1#0040	1	--n5 21 --n4 0 --n3 3 --n2 2 --n1 0 --c1 0 --spans 2 --bq1 0 --x4h 0 --defect none
20-e1#0041	1	--n5 21 --n4 0 --n3 3 --n2 1 --n1 1 --c1 0 --spans 3 --bq1 0 --x4h 0 --defect none
20-e1#0042	1	--n5 21 --n4 0 --n3 2 --n2 3 --n1 0 --c1 0 --spans 3 --bq1 0 --x4h 0 --defect none
20-e1#0043	1	--n5 21 --n4 0 --n3 3 --n2 0 --n1 2 --c1 0 --spans 4 --bq1 0 --x4h 0 --defect none
20-e1#0044	1	--n5 21 --n4 0 --n3 2 --n2 2 --n1 1 --c1 0 --spans 4 --bq1 0 --x4h 0 --defect none
20-e1#0045	1	--n5 21 --n4 0 --n3 1 --n2 4 --n1 0 --c1 0 --spans 4 --bq1 0 --x4h 0 --defect none
20-e1#0046	1	--n5 21 --n4 1 --n3 2 --n2 1 --n1 1 --c1 0 --spans 2 --bq1 0 --x4h 0 --defect none
20-e1#0047	1	--n5 21 --n4 1 --n3 1 --n2 3 --n1 0 --c1 0 --spans 2 --bq1 0 --x4h 0 --defect none
20-e1#0048	1	--n5 21 --n4 1 --n3 2 --n2 0 --n1 2 --c1 0 --spans 3 --bq1 0 --x4h 0 --defect none
20-e1#0049	1	--n5 21 --n4 1 --n3 1 --n2 2 --n1 1 --c1 0 --spans 3 --bq1 0 --x4h 0 --defect none
20-e1#0050	1	--n5 21 --n4 1 --n3 0 --n2 4 --n1 0 --c1 0 --spans 3 --bq1 0 --x4h 0 --defect none
20-e1#0051	1	--n5 21 --n4 1 --n3 1 --n2 1 --n1 2 --c1 0 --spans 4 --bq1 0 --x4h 0 --defect none
20-e1#0052	1	--n5 21 --n4 1 --n3 0 --n2 3 --n1 1 --c1 0 --spans 4 --bq1 0 --x4h 0 --defect none
20-e1#0053	1	--n5 22 --n4 0 --n3 2 --n2 0 --n1 2 --c1 0 --spans 2 --bq1 0 --x4h 0 --defect none
20-e1#0054	1	--n5 22 --n4 0 --n3 1 --n2 2 --n1 1 --c1 0 --spans 2 --bq1 0 --x4h 0 --defect none
20-e1#0055	1	--n5 22 --n4 0 --n3 0 --n2 4 --n1 0 --c1 0 --spans 2 --bq1 0 --x4h 0 --defect none
20-e1#0056	1	--n5 22 --n4 0 --n3 1 --n2 1 --n1 2 --c1 0 --spans 3 --bq1 0 --x4h 0 --defect none
20-e1#0057	1	--n5 22 --n4 0 --n3 0 --n2 3 --n1 1 --c1 0 --spans 3 --bq1 0 --x4h 0 --defect none
20-e1#0058	1	--n5 22 --n4 0 --n3 1 --n2 0 --n1 3 --c1 0 --spans 4 --bq1 0 --x4h 0 --defect none
20-e1#0059	1	--n5 22 --n4 0 --n3 0 --n2 2 --n1 2 --c1 0 --spans 4 --bq1 0 --x4h 0 --defect none
20-e2#0060	1	--n5 16 --n4 5 --n3 4 --n2 0 --n1 0 --c1 1 --spans 4 --bq1 0 --x4h 0 --defect none
20-e2#0061	1	--n5 17 --n4 3 --n3 5 --n2 0 --n1 0 --c1 1 --spans 4 --bq1 0 --x4h 0 --defect none
20-e2#0062	1	--n5 17 --n4 4 --n3 4 --n2 0 --n1 0 --c1 1 --spans 3 --bq1 0 --x4h 0 --defect none
20-e2#0063	1	--n5 17 --n4 4 --n3 3 --n2 1 --n1 0 --c1 1 --spans 4 --bq1 0 --x4h 0 --defect none
20-e2#0064	1	--n5 18 --n4 1 --n3 6 --n2 0 --n1 0 --c1 1 --spans 4 --bq1 0 --x4h 0 --defect none
20-e2#0065	1	--n5 18 --n4 2 --n3 5 --n2 0 --n1 0 --c1 1 --spans 3 --bq1 0 --x4h 0 --defect none
20-e2#0066	1	--n5 18 --n4 2 --n3 4 --n2 1 --n1 0 --c1 1 --spans 4 --bq1 0 --x4h 0 --defect none
20-e2#0067	1	--n5 18 --n4 3 --n3 4 --n2 0 --n1 0 --c1 1 --spans 2 --bq1 0 --x4h 0 --defect none
20-e2#0068	1	--n5 18 --n4 3 --n3 3 --n2 1 --n1 0 --c1 1 --spans 3 --bq1 0 --x4h 0 --defect none
20-e2#0069	1	--n5 18 --n4 3 --n3 3 --n2 0 --n1 1 --c1 1 --spans 4 --bq1 0 --x4h 0 --defect none
20-e2#0070	1	--n5 18 --n4 3 --n3 2 --n2 2 --n1 0 --c1 1 --spans 4 --bq1 0 --x4h 0 --defect none
20-e2#0071	1	--n5 19 --n4 0 --n3 6 --n2 0 --n1 0 --c1 1 --spans 3 --bq1 0 --x4h 0 --defect none
20-e2#0072	1	--n5 19 --n4 0 --n3 5 --n2 1 --n1 0 --c1 1 --spans 4 --bq1 0 --x4h 0 --defect none
20-e2#0073	1	--n5 19 --n4 1 --n3 5 --n2 0 --n1 0 --c1 1 --spans 2 --bq1 0 --x4h 0 --defect none
20-e2#0074	1	--n5 19 --n4 1 --n3 4 --n2 1 --n1 0 --c1 1 --spans 3 --bq1 0 --x4h 0 --defect none
20-e2#0075	1	--n5 19 --n4 1 --n3 4 --n2 0 --n1 1 --c1 1 --spans 4 --bq1 0 --x4h 0 --defect none
20-e2#0076	1	--n5 19 --n4 1 --n3 3 --n2 2 --n1 0 --c1 1 --spans 4 --bq1 0 --x4h 0 --defect none
20-e2#0077	1	--n5 19 --n4 2 --n3 3 --n2 1 --n1 0 --c1 1 --spans 2 --bq1 0 --x4h 0 --defect none
20-e2#0078	1	--n5 19 --n4 2 --n3 3 --n2 0 --n1 1 --c1 1 --spans 3 --bq1 0 --x4h 0 --defect none
20-e2#0079	1	--n5 19 --n4 2 --n3 2 --n2 2 --n1 0 --c1 1 --spans 3 --bq1 0 --x4h 0 --defect none
20-e2#0080	1	--n5 19 --n4 2 --n3 2 --n2 1 --n1 1 --c1 1 --spans 4 --bq1 0 --x4h 0 --defect none
20-e2#0081	1	--n5 19 --n4 2 --n3 1 --n2 3 --n1 0 --c1 1 --spans 4 --bq1 0 --x4h 0 --defect none
20-e2#0082	1	--n5 20 --n4 0 --n3 4 --n2 1 --n1 0 --c1 1 --spans 2 --bq1 0 --x4h 0 --defect none
20-e2#0083	1	--n5 20 --n4 0 --n3 4 --n2 0 --n1 1 --c1 1 --spans 3 --bq1 0 --x4h 0 --defect none
20-e2#0084	1	--n5 20 --n4 0 --n3 3 --n2 2 --n1 0 --c1 1 --spans 3 --bq1 0 --x4h 0 --defect none
20-e2#0085	1	--n5 20 --n4 0 --n3 3 --n2 1 --n1 1 --c1 1 --spans 4 --bq1 0 --x4h 0 --defect none
20-e2#0086	1	--n5 20 --n4 0 --n3 2 --n2 3 --n1 0 --c1 1 --spans 4 --bq1 0 --x4h 0 --defect none
20-e2#0087	1	--n5 20 --n4 1 --n3 3 --n2 0 --n1 1 --c1 1 --spans 2 --bq1 0 --x4h 0 --defect none
20-e2#0088	1	--n5 20 --n4 1 --n3 2 --n2 2 --n1 0 --c1 1 --spans 2 --bq1 0 --x4h 0 --defect none
20-e2#0089	1	--n5 20 --n4 1 --n3 2 --n2 1 --n1 1 --c1 1 --spans 3 --bq1 0 --x4h 0 --defect none
20-e2#0090	1	--n5 20 --n4 1 --n3 1 --n2 3 --n1 0 --c1 1 --spans 3 --bq1 0 --x4h 0 --defect none
20-e2#0091	1	--n5 20 --n4 1 --n3 2 --n2 0 --n1 2 --c1 1 --spans 4 --bq1 0 --x4h 0 --defect none
20-e2#0092	1	--n5 20 --n4 1 --n3 1 --n2 2 --n1 1 --c1 1 --spans 4 --bq1 0 --x4h 0 --defect none
20-e2#0093	1	--n5 20 --n4 1 --n3 0 --n2 4 --n1 0 --c1 1 --spans 4 --bq1 0 --x4h 0 --defect none
20-e2#0094	1	--n5 21 --n4 0 --n3 2 --n2 1 --n1 1 --c1 1 --spans 2 --bq1 0 --x4h 0 --defect none
20-e2#0095	1	--n5 21 --n4 0 --n3 1 --n2 3 --n1 0 --c1 1 --spans 2 --bq1 0 --x4h 0 --defect none
20-e2#0096	1	--n5 21 --n4 0 --n3 2 --n2 0 --n1 2 --c1 1 --spans 3 --bq1 0 --x4h 0 --defect none
20-e2#0097	1	--n5 21 --n4 0 --n3 1 --n2 2 --n1 1 --c1 1 --spans 3 --bq1 0 --x4h 0 --defect none
20-e2#0098	1	--n5 21 --n4 0 --n3 0 --n2 4 --n1 0 --c1 1 --spans 3 --bq1 0 --x4h 0 --defect none
20-e2#0099	1	--n5 21 --n4 0 --n3 1 --n2 1 --n1 2 --c1 1 --spans 4 --bq1 0 --x4h 0 --defect none
20-e2#0100	1	--n5 21 --n4 0 --n3 0 --n2 3 --n1 1 --c1 1 --spans 4 --bq1 0 --x4h 0 --defect none
20-e2#0101	1	--n5 19 --n4 2 --n3 3 --n2 0 --n1 0 --c1 0 --spans 4,4 --bq1 0 --x4h 0 --defect none
20-e2#0102	1	--n5 20 --n4 0 --n3 4 --n2 0 --n1 0 --c1 0 --spans 4,4 --bq1 0 --x4h 0 --defect none
20-e2#0103	1	--n5 20 --n4 1 --n3 2 --n2 1 --n1 0 --c1 0 --spans 4,4 --bq1 0 --x4h 0 --defect none
20-e2#0104	1	--n5 20 --n4 1 --n3 3 --n2 0 --n1 0 --c1 0 --spans 4,3 --bq1 0 --x4h 0 --defect none
20-e2#0105	1	--n5 21 --n4 0 --n3 2 --n2 0 --n1 1 --c1 0 --spans 4,4 --bq1 0 --x4h 0 --defect none
20-e2#0106	1	--n5 21 --n4 0 --n3 1 --n2 2 --n1 0 --c1 0 --spans 4,4 --bq1 0 --x4h 0 --defect none
20-e2#0107	1	--n5 21 --n4 0 --n3 2 --n2 1 --n1 0 --c1 0 --spans 4,3 --bq1 0 --x4h 0 --defect none
20-e2#0108	1	--n5 21 --n4 0 --n3 3 --n2 0 --n1 0 --c1 0 --spans 4,2 --bq1 0 --x4h 0 --defect none
20-e2#0109	1	--n5 21 --n4 0 --n3 3 --n2 0 --n1 0 --c1 0 --spans 3,3 --bq1 0 --x4h 0 --defect none
20-e2#0110	1	--n5 20 --n4 0 --n3 4 --n2 0 --n1 0 --c1 0 --spans 4,4 --bq1 1 --x4h 0 --defect none
20-e3#0111	1	--n5 16 --n4 4 --n3 4 --n2 0 --n1 0 --c1 2 --spans 4 --bq1 0 --x4h 0 --defect none
20-e3#0112	1	--n5 17 --n4 2 --n3 5 --n2 0 --n1 0 --c1 2 --spans 4 --bq1 0 --x4h 0 --defect none
20-e3#0113	1	--n5 17 --n4 3 --n3 4 --n2 0 --n1 0 --c1 2 --spans 3 --bq1 0 --x4h 0 --defect none
20-e3#0114	1	--n5 17 --n4 3 --n3 3 --n2 1 --n1 0 --c1 2 --spans 4 --bq1 0 --x4h 0 --defect none
20-e3#0115	1	--n5 18 --n4 0 --n3 6 --n2 0 --n1 0 --c1 2 --spans 4 --bq1 0 --x4h 0 --defect none
20-e3#0116	1	--n5 18 --n4 1 --n3 5 --n2 0 --n1 0 --c1 2 --spans 3 --bq1 0 --x4h 0 --defect none
20-e3#0117	1	--n5 18 --n4 1 --n3 4 --n2 1 --n1 0 --c1 2 --spans 4 --bq1 0 --x4h 0 --defect none
20-e3#0118	1	--n5 18 --n4 2 --n3 4 --n2 0 --n1 0 --c1 2 --spans 2 --bq1 0 --x4h 0 --defect none
20-e3#0119	1	--n5 18 --n4 2 --n3 3 --n2 1 --n1 0 --c1 2 --spans 3 --bq1 0 --x4h 0 --defect none
20-e3#0120	1	--n5 18 --n4 2 --n3 3 --n2 0 --n1 1 --c1 2 --spans 4 --bq1 0 --x4h 0 --defect none
20-e3#0121	1	--n5 18 --n4 2 --n3 2 --n2 2 --n1 0 --c1 2 --spans 4 --bq1 0 --x4h 0 --defect none
20-e3#0122	1	--n5 19 --n4 0 --n3 5 --n2 0 --n1 0 --c1 2 --spans 2 --bq1 0 --x4h 0 --defect none
20-e3#0123	1	--n5 19 --n4 0 --n3 4 --n2 1 --n1 0 --c1 2 --spans 3 --bq1 0 --x4h 0 --defect none
20-e3#0124	1	--n5 19 --n4 0 --n3 4 --n2 0 --n1 1 --c1 2 --spans 4 --bq1 0 --x4h 0 --defect none
20-e3#0125	1	--n5 19 --n4 0 --n3 3 --n2 2 --n1 0 --c1 2 --spans 4 --bq1 0 --x4h 0 --defect none
20-e3#0126	1	--n5 19 --n4 1 --n3 3 --n2 1 --n1 0 --c1 2 --spans 2 --bq1 0 --x4h 0 --defect none
20-e3#0127	1	--n5 19 --n4 1 --n3 3 --n2 0 --n1 1 --c1 2 --spans 3 --bq1 0 --x4h 0 --defect none
20-e3#0128	1	--n5 19 --n4 1 --n3 2 --n2 2 --n1 0 --c1 2 --spans 3 --bq1 0 --x4h 0 --defect none
20-e3#0129	1	--n5 19 --n4 1 --n3 2 --n2 1 --n1 1 --c1 2 --spans 4 --bq1 0 --x4h 0 --defect none
20-e3#0130	1	--n5 19 --n4 1 --n3 1 --n2 3 --n1 0 --c1 2 --spans 4 --bq1 0 --x4h 0 --defect none
20-e3#0131	1	--n5 20 --n4 0 --n3 3 --n2 0 --n1 1 --c1 2 --spans 2 --bq1 0 --x4h 0 --defect none
20-e3#0132	1	--n5 20 --n4 0 --n3 2 --n2 2 --n1 0 --c1 2 --spans 2 --bq1 0 --x4h 0 --defect none
20-e3#0133	1	--n5 20 --n4 0 --n3 2 --n2 1 --n1 1 --c1 2 --spans 3 --bq1 0 --x4h 0 --defect none
20-e3#0134	1	--n5 20 --n4 0 --n3 1 --n2 3 --n1 0 --c1 2 --spans 3 --bq1 0 --x4h 0 --defect none
20-e3#0135	1	--n5 20 --n4 0 --n3 2 --n2 0 --n1 2 --c1 2 --spans 4 --bq1 0 --x4h 0 --defect none
20-e3#0136	1	--n5 20 --n4 0 --n3 1 --n2 2 --n1 1 --c1 2 --spans 4 --bq1 0 --x4h 0 --defect none
20-e3#0137	1	--n5 20 --n4 0 --n3 0 --n2 4 --n1 0 --c1 2 --spans 4 --bq1 0 --x4h 0 --defect none
20-e3#0138	1	--n5 19 --n4 1 --n3 3 --n2 0 --n1 0 --c1 1 --spans 4,4 --bq1 0 --x4h 0 --defect none
20-e3#0139	1	--n5 20 --n4 0 --n3 2 --n2 1 --n1 0 --c1 1 --spans 4,4 --bq1 0 --x4h 0 --defect none
20-e3#0140	1	--n5 20 --n4 0 --n3 3 --n2 0 --n1 0 --c1 1 --spans 4,3 --bq1 0 --x4h 0 --defect none
20-e3#0141	1	--n5 19 --n4 1 --n3 3 --n2 0 --n1 0 --c1 1 --spans 4,4 --bq1 1 --x4h 0 --defect none
20-e3#0142	1	--n5 20 --n4 0 --n3 2 --n2 1 --n1 0 --c1 1 --spans 4,4 --bq1 1 --x4h 0 --defect none
20-e3#0143	1	--n5 20 --n4 0 --n3 3 --n2 0 --n1 0 --c1 1 --spans 4,3 --bq1 1 --x4h 0 --defect none
20-e4#0144	1	--n5 15 --n4 5 --n3 3 --n2 0 --n1 0 --c1 3 --spans 4 --bq1 0 --x4h 0 --defect none
20-e4#0145	1	--n5 16 --n4 3 --n3 4 --n2 0 --n1 0 --c1 3 --spans 4 --bq1 0 --x4h 0 --defect none
20-e4#0146	1	--n5 16 --n4 4 --n3 3 --n2 0 --n1 0 --c1 3 --spans 3 --bq1 0 --x4h 0 --defect none
20-e4#0147	1	--n5 16 --n4 4 --n3 2 --n2 1 --n1 0 --c1 3 --spans 4 --bq1 0 --x4h 0 --defect none
20-e4#0148	1	--n5 17 --n4 1 --n3 5 --n2 0 --n1 0 --c1 3 --spans 4 --bq1 0 --x4h 0 --defect none
20-e4#0149	1	--n5 17 --n4 2 --n3 4 --n2 0 --n1 0 --c1 3 --spans 3 --bq1 0 --x4h 0 --defect none
20-e4#0150	1	--n5 17 --n4 2 --n3 3 --n2 1 --n1 0 --c1 3 --spans 4 --bq1 0 --x4h 0 --defect none
20-e4#0151	1	--n5 17 --n4 3 --n3 3 --n2 0 --n1 0 --c1 3 --spans 2 --bq1 0 --x4h 0 --defect none
20-e4#0152	1	--n5 17 --n4 3 --n3 2 --n2 1 --n1 0 --c1 3 --spans 3 --bq1 0 --x4h 0 --defect none
20-e4#0153	1	--n5 17 --n4 3 --n3 2 --n2 0 --n1 1 --c1 3 --spans 4 --bq1 0 --x4h 0 --defect none
20-e4#0154	1	--n5 17 --n4 3 --n3 1 --n2 2 --n1 0 --c1 3 --spans 4 --bq1 0 --x4h 0 --defect none
20-e4#0155	1	--n5 18 --n4 0 --n3 5 --n2 0 --n1 0 --c1 3 --spans 3 --bq1 0 --x4h 0 --defect none
20-e4#0156	1	--n5 18 --n4 0 --n3 4 --n2 1 --n1 0 --c1 3 --spans 4 --bq1 0 --x4h 0 --defect none
20-e4#0157	1	--n5 18 --n4 1 --n3 4 --n2 0 --n1 0 --c1 3 --spans 2 --bq1 0 --x4h 0 --defect none
20-e4#0158	1	--n5 18 --n4 1 --n3 3 --n2 1 --n1 0 --c1 3 --spans 3 --bq1 0 --x4h 0 --defect none
20-e4#0159	1	--n5 18 --n4 1 --n3 3 --n2 0 --n1 1 --c1 3 --spans 4 --bq1 0 --x4h 0 --defect none
20-e4#0160	1	--n5 18 --n4 1 --n3 2 --n2 2 --n1 0 --c1 3 --spans 4 --bq1 0 --x4h 0 --defect none
20-e4#0161	1	--n5 18 --n4 2 --n3 2 --n2 1 --n1 0 --c1 3 --spans 2 --bq1 0 --x4h 0 --defect none
20-e4#0162	1	--n5 18 --n4 2 --n3 2 --n2 0 --n1 1 --c1 3 --spans 3 --bq1 0 --x4h 0 --defect none
20-e4#0163	1	--n5 18 --n4 2 --n3 1 --n2 2 --n1 0 --c1 3 --spans 3 --bq1 0 --x4h 0 --defect none
20-e4#0164	1	--n5 18 --n4 2 --n3 1 --n2 1 --n1 1 --c1 3 --spans 4 --bq1 0 --x4h 0 --defect none
20-e4#0165	1	--n5 18 --n4 2 --n3 0 --n2 3 --n1 0 --c1 3 --spans 4 --bq1 0 --x4h 0 --defect none
20-e4#0166	1	--n5 19 --n4 0 --n3 3 --n2 1 --n1 0 --c1 3 --spans 2 --bq1 0 --x4h 0 --defect none
20-e4#0167	1	--n5 19 --n4 0 --n3 3 --n2 0 --n1 1 --c1 3 --spans 3 --bq1 0 --x4h 0 --defect none
20-e4#0168	1	--n5 19 --n4 0 --n3 2 --n2 2 --n1 0 --c1 3 --spans 3 --bq1 0 --x4h 0 --defect none
20-e4#0169	1	--n5 19 --n4 0 --n3 2 --n2 1 --n1 1 --c1 3 --spans 4 --bq1 0 --x4h 0 --defect none
20-e4#0170	1	--n5 19 --n4 0 --n3 1 --n2 3 --n1 0 --c1 3 --spans 4 --bq1 0 --x4h 0 --defect none
20-e4#0171	1	--n5 19 --n4 1 --n3 2 --n2 0 --n1 1 --c1 3 --spans 2 --bq1 0 --x4h 0 --defect none
20-e4#0172	1	--n5 19 --n4 1 --n3 1 --n2 2 --n1 0 --c1 3 --spans 2 --bq1 0 --x4h 0 --defect none
20-e4#0173	1	--n5 19 --n4 1 --n3 1 --n2 1 --n1 1 --c1 3 --spans 3 --bq1 0 --x4h 0 --defect none
20-e4#0174	1	--n5 19 --n4 1 --n3 0 --n2 3 --n1 0 --c1 3 --spans 3 --bq1 0 --x4h 0 --defect none
20-e4#0175	1	--n5 19 --n4 1 --n3 1 --n2 0 --n1 2 --c1 3 --spans 4 --bq1 0 --x4h 0 --defect none
20-e4#0176	1	--n5 19 --n4 1 --n3 0 --n2 2 --n1 1 --c1 3 --spans 4 --bq1 0 --x4h 0 --defect none
20-e4#0177	1	--n5 20 --n4 0 --n3 1 --n2 1 --n1 1 --c1 3 --spans 2 --bq1 0 --x4h 0 --defect none
20-e4#0178	1	--n5 20 --n4 0 --n3 0 --n2 3 --n1 0 --c1 3 --spans 2 --bq1 0 --x4h 0 --defect none
20-e4#0179	1	--n5 20 --n4 0 --n3 1 --n2 0 --n1 2 --c1 3 --spans 3 --bq1 0 --x4h 0 --defect none
20-e4#0180	1	--n5 20 --n4 0 --n3 0 --n2 2 --n1 1 --c1 3 --spans 3 --bq1 0 --x4h 0 --defect none
20-e4#0181	1	--n5 20 --n4 0 --n3 0 --n2 1 --n1 2 --c1 3 --spans 4 --bq1 0 --x4h 0 --defect none
20-e4#0182	1	--n5 18 --n4 2 --n3 2 --n2 0 --n1 0 --c1 2 --spans 4,4 --bq1 0 --x4h 0 --defect none
20-e4#0183	1	--n5 19 --n4 0 --n3 3 --n2 0 --n1 0 --c1 2 --spans 4,4 --bq1 0 --x4h 0 --defect none
20-e4#0184	1	--n5 19 --n4 1 --n3 1 --n2 1 --n1 0 --c1 2 --spans 4,4 --bq1 0 --x4h 0 --defect none
20-e4#0185	1	--n5 19 --n4 1 --n3 2 --n2 0 --n1 0 --c1 2 --spans 4,3 --bq1 0 --x4h 0 --defect none
20-e4#0186	1	--n5 20 --n4 0 --n3 1 --n2 0 --n1 1 --c1 2 --spans 4,4 --bq1 0 --x4h 0 --defect none
20-e4#0187	1	--n5 20 --n4 0 --n3 0 --n2 2 --n1 0 --c1 2 --spans 4,4 --bq1 0 --x4h 0 --defect none
20-e4#0188	1	--n5 20 --n4 0 --n3 1 --n2 1 --n1 0 --c1 2 --spans 4,3 --bq1 0 --x4h 0 --defect none
20-e4#0189	1	--n5 20 --n4 0 --n3 2 --n2 0 --n1 0 --c1 2 --spans 4,2 --bq1 0 --x4h 0 --defect none
20-e4#0190	1	--n5 20 --n4 0 --n3 2 --n2 0 --n1 0 --c1 2 --spans 3,3 --bq1 0 --x4h 0 --defect none
20-e4#0191	1	--n5 19 --n4 0 --n3 3 --n2 0 --n1 0 --c1 2 --spans 4,4 --bq1 1 --x4h 0 --defect none
20-e5#0192	1	--n5 15 --n4 4 --n3 3 --n2 0 --n1 0 --c1 4 --spans 4 --bq1 0 --x4h 0 --defect none
20-e5#0193	1	--n5 16 --n4 2 --n3 4 --n2 0 --n1 0 --c1 4 --spans 4 --bq1 0 --x4h 0 --defect none
20-e5#0194	1	--n5 16 --n4 3 --n3 3 --n2 0 --n1 0 --c1 4 --spans 3 --bq1 0 --x4h 0 --defect none
20-e5#0195	1	--n5 16 --n4 3 --n3 2 --n2 1 --n1 0 --c1 4 --spans 4 --bq1 0 --x4h 0 --defect none
20-e5#0196	1	--n5 17 --n4 0 --n3 5 --n2 0 --n1 0 --c1 4 --spans 4 --bq1 0 --x4h 0 --defect none
20-e5#0197	1	--n5 17 --n4 1 --n3 4 --n2 0 --n1 0 --c1 4 --spans 3 --bq1 0 --x4h 0 --defect none
20-e5#0198	1	--n5 17 --n4 1 --n3 3 --n2 1 --n1 0 --c1 4 --spans 4 --bq1 0 --x4h 0 --defect none
20-e5#0199	1	--n5 17 --n4 2 --n3 3 --n2 0 --n1 0 --c1 4 --spans 2 --bq1 0 --x4h 0 --defect none
20-e5#0200	1	--n5 17 --n4 2 --n3 2 --n2 1 --n1 0 --c1 4 --spans 3 --bq1 0 --x4h 0 --defect none
20-e5#0201	1	--n5 17 --n4 2 --n3 2 --n2 0 --n1 1 --c1 4 --spans 4 --bq1 0 --x4h 0 --defect none
20-e5#0202	1	--n5 17 --n4 2 --n3 1 --n2 2 --n1 0 --c1 4 --spans 4 --bq1 0 --x4h 0 --defect none
20-e5#0203	1	--n5 18 --n4 0 --n3 4 --n2 0 --n1 0 --c1 4 --spans 2 --bq1 0 --x4h 0 --defect none
20-e5#0204	1	--n5 18 --n4 0 --n3 3 --n2 1 --n1 0 --c1 4 --spans 3 --bq1 0 --x4h 0 --defect none
20-e5#0205	1	--n5 18 --n4 0 --n3 3 --n2 0 --n1 1 --c1 4 --spans 4 --bq1 0 --x4h 0 --defect none
20-e5#0206	1	--n5 18 --n4 0 --n3 2 --n2 2 --n1 0 --c1 4 --spans 4 --bq1 0 --x4h 0 --defect none
20-e5#0207	1	--n5 18 --n4 1 --n3 2 --n2 1 --n1 0 --c1 4 --spans 2 --bq1 0 --x4h 0 --defect none
20-e5#0208	1	--n5 18 --n4 1 --n3 2 --n2 0 --n1 1 --c1 4 --spans 3 --bq1 0 --x4h 0 --defect none
20-e5#0209	1	--n5 18 --n4 1 --n3 1 --n2 2 --n1 0 --c1 4 --spans 3 --bq1 0 --x4h 0 --defect none
20-e5#0210	1	--n5 18 --n4 1 --n3 1 --n2 1 --n1 1 --c1 4 --spans 4 --bq1 0 --x4h 0 --defect none
20-e5#0211	1	--n5 18 --n4 1 --n3 0 --n2 3 --n1 0 --c1 4 --spans 4 --bq1 0 --x4h 0 --defect none
20-e5#0212	1	--n5 19 --n4 0 --n3 2 --n2 0 --n1 1 --c1 4 --spans 2 --bq1 0 --x4h 0 --defect none
20-e5#0213	1	--n5 19 --n4 0 --n3 1 --n2 2 --n1 0 --c1 4 --spans 2 --bq1 0 --x4h 0 --defect none
20-e5#0214	1	--n5 19 --n4 0 --n3 1 --n2 1 --n1 1 --c1 4 --spans 3 --bq1 0 --x4h 0 --defect none
20-e5#0215	1	--n5 19 --n4 0 --n3 0 --n2 3 --n1 0 --c1 4 --spans 3 --bq1 0 --x4h 0 --defect none
20-e5#0216	1	--n5 19 --n4 0 --n3 1 --n2 0 --n1 2 --c1 4 --spans 4 --bq1 0 --x4h 0 --defect none
20-e5#0217	1	--n5 19 --n4 0 --n3 0 --n2 2 --n1 1 --c1 4 --spans 4 --bq1 0 --x4h 0 --defect none
20-e5#0218	1	--n5 18 --n4 1 --n3 2 --n2 0 --n1 0 --c1 3 --spans 4,4 --bq1 0 --x4h 0 --defect none
20-e5#0219	1	--n5 19 --n4 0 --n3 1 --n2 1 --n1 0 --c1 3 --spans 4,4 --bq1 0 --x4h 0 --defect none
20-e5#0220	1	--n5 19 --n4 0 --n3 2 --n2 0 --n1 0 --c1 3 --spans 4,3 --bq1 0 --x4h 0 --defect none
20-e6#0221	1	--n5 15 --n4 3 --n3 3 --n2 0 --n1 0 --c1 5 --spans 4 --bq1 0 --x4h 0 --defect none
20-e6#0222	1	--n5 16 --n4 1 --n3 4 --n2 0 --n1 0 --c1 5 --spans 4 --bq1 0 --x4h 0 --defect none
20-e6#0223	1	--n5 16 --n4 2 --n3 3 --n2 0 --n1 0 --c1 5 --spans 3 --bq1 0 --x4h 0 --defect none
20-e6#0224	1	--n5 16 --n4 2 --n3 2 --n2 1 --n1 0 --c1 5 --spans 4 --bq1 0 --x4h 0 --defect none
20-e6#0225	1	--n5 17 --n4 0 --n3 4 --n2 0 --n1 0 --c1 5 --spans 3 --bq1 0 --x4h 0 --defect none
20-e6#0226	1	--n5 17 --n4 0 --n3 3 --n2 1 --n1 0 --c1 5 --spans 4 --bq1 0 --x4h 0 --defect none
20-e6#0227	1	--n5 17 --n4 1 --n3 3 --n2 0 --n1 0 --c1 5 --spans 2 --bq1 0 --x4h 0 --defect none
20-e6#0228	1	--n5 17 --n4 1 --n3 2 --n2 1 --n1 0 --c1 5 --spans 3 --bq1 0 --x4h 0 --defect none
20-e6#0229	1	--n5 17 --n4 1 --n3 2 --n2 0 --n1 1 --c1 5 --spans 4 --bq1 0 --x4h 0 --defect none
20-e6#0230	1	--n5 17 --n4 1 --n3 1 --n2 2 --n1 0 --c1 5 --spans 4 --bq1 0 --x4h 0 --defect none
20-e6#0231	1	--n5 18 --n4 0 --n3 2 --n2 1 --n1 0 --c1 5 --spans 2 --bq1 0 --x4h 0 --defect none
20-e6#0232	1	--n5 18 --n4 0 --n3 2 --n2 0 --n1 1 --c1 5 --spans 3 --bq1 0 --x4h 0 --defect none
20-e6#0233	1	--n5 18 --n4 0 --n3 1 --n2 2 --n1 0 --c1 5 --spans 3 --bq1 0 --x4h 0 --defect none
20-e6#0234	1	--n5 18 --n4 0 --n3 1 --n2 1 --n1 1 --c1 5 --spans 4 --bq1 0 --x4h 0 --defect none
20-e6#0235	1	--n5 18 --n4 0 --n3 0 --n2 3 --n1 0 --c1 5 --spans 4 --bq1 0 --x4h 0 --defect none
20-e6#0236	1	--n5 18 --n4 0 --n3 2 --n2 0 --n1 0 --c1 4 --spans 4,4 --bq1 0 --x4h 0 --defect none
20-e7#0237	1	--n5 15 --n4 2 --n3 3 --n2 0 --n1 0 --c1 6 --spans 4 --bq1 0 --x4h 0 --defect none
20-e7#0238	1	--n5 16 --n4 0 --n3 4 --n2 0 --n1 0 --c1 6 --spans 4 --bq1 0 --x4h 0 --defect none
20-e7#0239	1	--n5 16 --n4 1 --n3 3 --n2 0 --n1 0 --c1 6 --spans 3 --bq1 0 --x4h 0 --defect none
20-e7#0240	1	--n5 16 --n4 1 --n3 2 --n2 1 --n1 0 --c1 6 --spans 4 --bq1 0 --x4h 0 --defect none
20-e7#0241	1	--n5 17 --n4 0 --n3 3 --n2 0 --n1 0 --c1 6 --spans 2 --bq1 0 --x4h 0 --defect none
20-e7#0242	1	--n5 17 --n4 0 --n3 2 --n2 1 --n1 0 --c1 6 --spans 3 --bq1 0 --x4h 0 --defect none
20-e7#0243	1	--n5 17 --n4 0 --n3 2 --n2 0 --n1 1 --c1 6 --spans 4 --bq1 0 --x4h 0 --defect none
20-e7#0244	1	--n5 17 --n4 0 --n3 1 --n2 2 --n1 0 --c1 6 --spans 4 --bq1 0 --x4h 0 --defect none
20-e8#0245	1	--n5 15 --n4 1 --n3 3 --n2 0 --n1 0 --c1 7 --spans 4 --bq1 0 --x4h 0 --defect none
20-e8#0246	1	--n5 16 --n4 0 --n3 3 --n2 0 --n1 0 --c1 7 --spans 3 --bq1 0 --x4h 0 --defect none
20-e8#0247	1	--n5 16 --n4 0 --n3 2 --n2 1 --n1 0 --c1 7 --spans 4 --bq1 0 --x4h 0 --defect none
20-e9#0248	1	--n5 14 --n4 2 --n3 2 --n2 0 --n1 0 --c1 8 --spans 4 --bq1 0 --x4h 0 --defect none
20-e9#0249	1	--n5 15 --n4 0 --n3 3 --n2 0 --n1 0 --c1 8 --spans 4 --bq1 0 --x4h 0 --defect none
20-e9#0250	1	--n5 15 --n4 1 --n3 2 --n2 0 --n1 0 --c1 8 --spans 3 --bq1 0 --x4h 0 --defect none
20-e9#0251	1	--n5 15 --n4 1 --n3 1 --n2 1 --n1 0 --c1 8 --spans 4 --bq1 0 --x4h 0 --defect none
20-e9#0252	1	--n5 16 --n4 0 --n3 2 --n2 0 --n1 0 --c1 8 --spans 2 --bq1 0 --x4h 0 --defect none
20-e9#0253	1	--n5 16 --n4 0 --n3 1 --n2 1 --n1 0 --c1 8 --spans 3 --bq1 0 --x4h 0 --defect none
20-e9#0254	1	--n5 16 --n4 0 --n3 1 --n2 0 --n1 1 --c1 8 --spans 4 --bq1 0 --x4h 0 --defect none
20-e9#0255	1	--n5 16 --n4 0 --n3 0 --n2 2 --n1 0 --c1 8 --spans 4 --bq1 0 --x4h 0 --defect none
15-e1#0256	1	--n5 19 --n4 3 --n3 3 --n2 0 --n1 0 --c1 0 --spans 4 --bq1 0 --x4h 1 --defect none
15-e1#0257	1	--n5 20 --n4 1 --n3 4 --n2 0 --n1 0 --c1 0 --spans 4 --bq1 0 --x4h 1 --defect none
15-e1#0258	1	--n5 20 --n4 2 --n3 3 --n2 0 --n1 0 --c1 0 --spans 3 --bq1 0 --x4h 1 --defect none
15-e1#0259	1	--n5 20 --n4 2 --n3 2 --n2 1 --n1 0 --c1 0 --spans 4 --bq1 0 --x4h 1 --defect none
15-e1#0260	1	--n5 21 --n4 0 --n3 4 --n2 0 --n1 0 --c1 0 --spans 3 --bq1 0 --x4h 1 --defect none
15-e1#0261	1	--n5 21 --n4 0 --n3 3 --n2 1 --n1 0 --c1 0 --spans 4 --bq1 0 --x4h 1 --defect none
15-e1#0262	1	--n5 21 --n4 1 --n3 3 --n2 0 --n1 0 --c1 0 --spans 2 --bq1 0 --x4h 1 --defect none
15-e1#0263	1	--n5 21 --n4 1 --n3 2 --n2 1 --n1 0 --c1 0 --spans 3 --bq1 0 --x4h 1 --defect none
15-e1#0264	1	--n5 21 --n4 1 --n3 2 --n2 0 --n1 1 --c1 0 --spans 4 --bq1 0 --x4h 1 --defect none
15-e1#0265	1	--n5 21 --n4 1 --n3 1 --n2 2 --n1 0 --c1 0 --spans 4 --bq1 0 --x4h 1 --defect none
15-e1#0266	1	--n5 22 --n4 0 --n3 2 --n2 1 --n1 0 --c1 0 --spans 2 --bq1 0 --x4h 1 --defect none
15-e1#0267	1	--n5 22 --n4 0 --n3 2 --n2 0 --n1 1 --c1 0 --spans 3 --bq1 0 --x4h 1 --defect none
15-e1#0268	1	--n5 22 --n4 0 --n3 1 --n2 2 --n1 0 --c1 0 --spans 3 --bq1 0 --x4h 1 --defect none
15-e1#0269	1	--n5 22 --n4 0 --n3 1 --n2 1 --n1 1 --c1 0 --spans 4 --bq1 0 --x4h 1 --defect none
15-e1#0270	1	--n5 22 --n4 0 --n3 0 --n2 3 --n1 0 --c1 0 --spans 4 --bq1 0 --x4h 1 --defect none
15-e2#0271	1	--n5 19 --n4 2 --n3 3 --n2 0 --n1 0 --c1 1 --spans 4 --bq1 0 --x4h 1 --defect none
15-e2#0272	1	--n5 20 --n4 0 --n3 4 --n2 0 --n1 0 --c1 1 --spans 4 --bq1 0 --x4h 1 --defect none
15-e2#0273	1	--n5 20 --n4 1 --n3 3 --n2 0 --n1 0 --c1 1 --spans 3 --bq1 0 --x4h 1 --defect none
15-e2#0274	1	--n5 20 --n4 1 --n3 2 --n2 1 --n1 0 --c1 1 --spans 4 --bq1 0 --x4h 1 --defect none
15-e2#0275	1	--n5 21 --n4 0 --n3 3 --n2 0 --n1 0 --c1 1 --spans 2 --bq1 0 --x4h 1 --defect none
15-e2#0276	1	--n5 21 --n4 0 --n3 2 --n2 1 --n1 0 --c1 1 --spans 3 --bq1 0 --x4h 1 --defect none
15-e2#0277	1	--n5 21 --n4 0 --n3 2 --n2 0 --n1 1 --c1 1 --spans 4 --bq1 0 --x4h 1 --defect none
15-e2#0278	1	--n5 21 --n4 0 --n3 1 --n2 2 --n1 0 --c1 1 --spans 4 --bq1 0 --x4h 1 --defect none
15-e3#0279	1	--n5 19 --n4 1 --n3 3 --n2 0 --n1 0 --c1 2 --spans 4 --bq1 0 --x4h 1 --defect none
15-e3#0280	1	--n5 20 --n4 0 --n3 3 --n2 0 --n1 0 --c1 2 --spans 3 --bq1 0 --x4h 1 --defect none
15-e3#0281	1	--n5 20 --n4 0 --n3 2 --n2 1 --n1 0 --c1 2 --spans 4 --bq1 0 --x4h 1 --defect none
15-e4#0282	1	--n5 18 --n4 2 --n3 2 --n2 0 --n1 0 --c1 3 --spans 4 --bq1 0 --x4h 1 --defect none
15-e4#0283	1	--n5 19 --n4 0 --n3 3 --n2 0 --n1 0 --c1 3 --spans 4 --bq1 0 --x4h 1 --defect none
15-e4#0284	1	--n5 19 --n4 1 --n3 2 --n2 0 --n1 0 --c1 3 --spans 3 --bq1 0 --x4h 1 --defect none
15-e4#0285	1	--n5 19 --n4 1 --n3 1 --n2 1 --n1 0 --c1 3 --spans 4 --bq1 0 --x4h 1 --defect none
15-e4#0286	1	--n5 20 --n4 0 --n3 2 --n2 0 --n1 0 --c1 3 --spans 2 --bq1 0 --x4h 1 --defect none
15-e4#0287	1	--n5 20 --n4 0 --n3 1 --n2 1 --n1 0 --c1 3 --spans 3 --bq1 0 --x4h 1 --defect none
15-e4#0288	1	--n5 20 --n4 0 --n3 1 --n2 0 --n1 1 --c1 3 --spans 4 --bq1 0 --x4h 1 --defect none
15-e4#0289	1	--n5 20 --n4 0 --n3 0 --n2 2 --n1 0 --c1 3 --spans 4 --bq1 0 --x4h 1 --defect none
z1-zh#0290	1	--n5 23 --n4 0 --n3 0 --n2 1 --n1 0 --c1 0 --spans 2 --bq1 0 --x4h 0 --defect zh:1
z1-zh#0291	1	--n5 22 --n4 1 --n3 1 --n2 0 --n1 0 --c1 0 --spans 2 --bq1 0 --x4h 0 --defect zh:1
z1-zh#0292	1	--n5 21 --n4 3 --n3 0 --n2 0 --n1 0 --c1 0 --spans 2 --bq1 0 --x4h 0 --defect zh:1
z1-zh#0293	1	--n5 23 --n4 0 --n3 0 --n2 0 --n1 1 --c1 0 --spans 2 --bq1 0 --x4h 0 --defect zh:2
z1-zh#0294	1	--n5 22 --n4 1 --n3 0 --n2 1 --n1 0 --c1 0 --spans 2 --bq1 0 --x4h 0 --defect zh:2
z1-zh#0295	1	--n5 22 --n4 0 --n3 2 --n2 0 --n1 0 --c1 0 --spans 2 --bq1 0 --x4h 0 --defect zh:2
z1-zh#0296	1	--n5 21 --n4 2 --n3 1 --n2 0 --n1 0 --c1 0 --spans 2 --bq1 0 --x4h 0 --defect zh:2
z1-zh#0297	1	--n5 20 --n4 4 --n3 0 --n2 0 --n1 0 --c1 0 --spans 2 --bq1 0 --x4h 0 --defect zh:2
z1-zh#0298	1	--n5 22 --n4 1 --n3 0 --n2 0 --n1 1 --c1 0 --spans 2 --bq1 0 --x4h 0 --defect zh:3
z1-zh#0299	1	--n5 22 --n4 0 --n3 1 --n2 1 --n1 0 --c1 0 --spans 2 --bq1 0 --x4h 0 --defect zh:3
z1-zh#0300	1	--n5 21 --n4 2 --n3 0 --n2 1 --n1 0 --c1 0 --spans 2 --bq1 0 --x4h 0 --defect zh:3
z1-zh#0301	1	--n5 21 --n4 1 --n3 2 --n2 0 --n1 0 --c1 0 --spans 2 --bq1 0 --x4h 0 --defect zh:3
z1-zh#0302	1	--n5 20 --n4 3 --n3 1 --n2 0 --n1 0 --c1 0 --spans 2 --bq1 0 --x4h 0 --defect zh:3
z1-zh#0303	1	--n5 19 --n4 5 --n3 0 --n2 0 --n1 0 --c1 0 --spans 2 --bq1 0 --x4h 0 --defect zh:3
z1-zh#0304	1	--n5 22 --n4 0 --n3 1 --n2 0 --n1 1 --c1 0 --spans 2 --bq1 0 --x4h 0 --defect zh:4
z1-zh#0305	1	--n5 21 --n4 2 --n3 0 --n2 0 --n1 1 --c1 0 --spans 2 --bq1 0 --x4h 0 --defect zh:4
z1-zh#0306	1	--n5 22 --n4 0 --n3 0 --n2 2 --n1 0 --c1 0 --spans 2 --bq1 0 --x4h 0 --defect zh:4
z1-zh#0307	1	--n5 21 --n4 1 --n3 1 --n2 1 --n1 0 --c1 0 --spans 2 --bq1 0 --x4h 0 --defect zh:4
z1-zh#0308	1	--n5 20 --n4 3 --n3 0 --n2 1 --n1 0 --c1 0 --spans 2 --bq1 0 --x4h 0 --defect zh:4
z1-zh#0309	1	--n5 21 --n4 0 --n3 3 --n2 0 --n1 0 --c1 0 --spans 2 --bq1 0 --x4h 0 --defect zh:4
z1-zh#0310	1	--n5 20 --n4 2 --n3 2 --n2 0 --n1 0 --c1 0 --spans 2 --bq1 0 --x4h 0 --defect zh:4
z1-zh#0311	1	--n5 19 --n4 4 --n3 1 --n2 0 --n1 0 --c1 0 --spans 2 --bq1 0 --x4h 0 --defect zh:4
z1-zh#0312	1	--n5 18 --n4 6 --n3 0 --n2 0 --n1 0 --c1 0 --spans 2 --bq1 0 --x4h 0 --defect zh:4
z1-zh#0313	1	--n5 23 --n4 0 --n3 0 --n2 0 --n1 1 --c1 0 --spans 3 --bq1 0 --x4h 0 --defect zh:1
z1-zh#0314	1	--n5 22 --n4 1 --n3 0 --n2 1 --n1 0 --c1 0 --spans 3 --bq1 0 --x4h 0 --defect zh:1
z1-zh#0315	1	--n5 22 --n4 0 --n3 2 --n2 0 --n1 0 --c1 0 --spans 3 --bq1 0 --x4h 0 --defect zh:1
z1-zh#0316	1	--n5 21 --n4 2 --n3 1 --n2 0 --n1 0 --c1 0 --spans 3 --bq1 0 --x4h 0 --defect zh:1
z1-zh#0317	1	--n5 20 --n4 4 --n3 0 --n2 0 --n1 0 --c1 0 --spans 3 --bq1 0 --x4h 0 --defect zh:1
z1-zh#0318	1	--n5 22 --n4 1 --n3 0 --n2 0 --n1 1 --c1 0 --spans 3 --bq1 0 --x4h 0 --defect zh:2
z1-zh#0319	1	--n5 22 --n4 0 --n3 1 --n2 1 --n1 0 --c1 0 --spans 3 --bq1 0 --x4h 0 --defect zh:2
z1-zh#0320	1	--n5 21 --n4 2 --n3 0 --n2 1 --n1 0 --c1 0 --spans 3 --bq1 0 --x4h 0 --defect zh:2
z1-zh#0321	1	--n5 21 --n4 1 --n3 2 --n2 0 --n1 0 --c1 0 --spans 3 --bq1 0 --x4h 0 --defect zh:2
z1-zh#0322	1	--n5 20 --n4 3 --n3 1 --n2 0 --n1 0 --c1 0 --spans 3 --bq1 0 --x4h 0 --defect zh:2
z1-zh#0323	1	--n5 19 --n4 5 --n3 0 --n2 0 --n1 0 --c1 0 --spans 3 --bq1 0 --x4h 0 --defect zh:2
z1-zh#0324	1	--n5 22 --n4 0 --n3 1 --n2 0 --n1 1 --c1 0 --spans 3 --bq1 0 --x4h 0 --defect zh:3
z1-zh#0325	1	--n5 21 --n4 2 --n3 0 --n2 0 --n1 1 --c1 0 --spans 3 --bq1 0 --x4h 0 --defect zh:3
z1-zh#0326	1	--n5 22 --n4 0 --n3 0 --n2 2 --n1 0 --c1 0 --spans 3 --bq1 0 --x4h 0 --defect zh:3
z1-zh#0327	1	--n5 21 --n4 1 --n3 1 --n2 1 --n1 0 --c1 0 --spans 3 --bq1 0 --x4h 0 --defect zh:3
z1-zh#0328	1	--n5 20 --n4 3 --n3 0 --n2 1 --n1 0 --c1 0 --spans 3 --bq1 0 --x4h 0 --defect zh:3
z1-zh#0329	1	--n5 21 --n4 0 --n3 3 --n2 0 --n1 0 --c1 0 --spans 3 --bq1 0 --x4h 0 --defect zh:3
z1-zh#0330	1	--n5 20 --n4 2 --n3 2 --n2 0 --n1 0 --c1 0 --spans 3 --bq1 0 --x4h 0 --defect zh:3
z1-zh#0331	1	--n5 19 --n4 4 --n3 1 --n2 0 --n1 0 --c1 0 --spans 3 --bq1 0 --x4h 0 --defect zh:3
z1-zh#0332	1	--n5 18 --n4 6 --n3 0 --n2 0 --n1 0 --c1 0 --spans 3 --bq1 0 --x4h 0 --defect zh:3
z1-zh#0333	1	--n5 22 --n4 0 --n3 0 --n2 1 --n1 1 --c1 0 --spans 3 --bq1 0 --x4h 0 --defect zh:4
z1-zh#0334	1	--n5 21 --n4 1 --n3 1 --n2 0 --n1 1 --c1 0 --spans 3 --bq1 0 --x4h 0 --defect zh:4
z1-zh#0335	1	--n5 20 --n4 3 --n3 0 --n2 0 --n1 1 --c1 0 --spans 3 --bq1 0 --x4h 0 --defect zh:4
z1-zh#0336	1	--n5 21 --n4 1 --n3 0 --n2 2 --n1 0 --c1 0 --spans 3 --bq1 0 --x4h 0 --defect zh:4
z1-zh#0337	1	--n5 21 --n4 0 --n3 2 --n2 1 --n1 0 --c1 0 --spans 3 --bq1 0 --x4h 0 --defect zh:4
z1-zh#0338	1	--n5 20 --n4 2 --n3 1 --n2 1 --n1 0 --c1 0 --spans 3 --bq1 0 --x4h 0 --defect zh:4
z1-zh#0339	1	--n5 19 --n4 4 --n3 0 --n2 1 --n1 0 --c1 0 --spans 3 --bq1 0 --x4h 0 --defect zh:4
z1-zh#0340	1	--n5 20 --n4 1 --n3 3 --n2 0 --n1 0 --c1 0 --spans 3 --bq1 0 --x4h 0 --defect zh:4
z1-zh#0341	1	--n5 19 --n4 3 --n3 2 --n2 0 --n1 0 --c1 0 --spans 3 --bq1 0 --x4h 0 --defect zh:4
z1-zh#0342	1	--n5 18 --n4 5 --n3 1 --n2 0 --n1 0 --c1 0 --spans 3 --bq1 0 --x4h 0 --defect zh:4
z1-zh#0343	1	--n5 17 --n4 7 --n3 0 --n2 0 --n1 0 --c1 0 --spans 3 --bq1 0 --x4h 0 --defect zh:4
z1-zh#0344	1	--n5 22 --n4 1 --n3 0 --n2 0 --n1 1 --c1 0 --spans 4 --bq1 0 --x4h 0 --defect zh:1
z1-zh#0345	1	--n5 22 --n4 0 --n3 1 --n2 1 --n1 0 --c1 0 --spans 4 --bq1 0 --x4h 0 --defect zh:1
z1-zh#0346	1	--n5 21 --n4 2 --n3 0 --n2 1 --n1 0 --c1 0 --spans 4 --bq1 0 --x4h 0 --defect zh:1
z1-zh#0347	1	--n5 21 --n4 1 --n3 2 --n2 0 --n1 0 --c1 0 --spans 4 --bq1 0 --x4h 0 --defect zh:1
z1-zh#0348	1	--n5 20 --n4 3 --n3 1 --n2 0 --n1 0 --c1 0 --spans 4 --bq1 0 --x4h 0 --defect zh:1
z1-zh#0349	1	--n5 19 --n4 5 --n3 0 --n2 0 --n1 0 --c1 0 --spans 4 --bq1 0 --x4h 0 --defect zh:1
z1-zh#0350	1	--n5 22 --n4 0 --n3 1 --n2 0 --n1 1 --c1 0 --spans 4 --bq1 0 --x4h 0 --defect zh:2
z1-zh#0351	1	--n5 21 --n4 2 --n3 0 --n2 0 --n1 1 --c1 0 --spans 4 --bq1 0 --x4h 0 --defect zh:2
z1-zh#0352	1	--n5 22 --n4 0 --n3 0 --n2 2 --n1 0 --c1 0 --spans 4 --bq1 0 --x4h 0 --defect zh:2
z1-zh#0353	1	--n5 21 --n4 1 --n3 1 --n2 1 --n1 0 --c1 0 --spans 4 --bq1 0 --x4h 0 --defect zh:2
z1-zh#0354	1	--n5 20 --n4 3 --n3 0 --n2 1 --n1 0 --c1 0 --spans 4 --bq1 0 --x4h 0 --defect zh:2
z1-zh#0355	1	--n5 21 --n4 0 --n3 3 --n2 0 --n1 0 --c1 0 --spans 4 --bq1 0 --x4h 0 --defect zh:2
z1-zh#0356	1	--n5 20 --n4 2 --n3 2 --n2 0 --n1 0 --c1 0 --spans 4 --bq1 0 --x4h 0 --defect zh:2
z1-zh#0357	1	--n5 19 --n4 4 --n3 1 --n2 0 --n1 0 --c1 0 --spans 4 --bq1 0 --x4h 0 --defect zh:2
z1-zh#0358	1	--n5 18 --n4 6 --n3 0 --n2 0 --n1 0 --c1 0 --spans 4 --bq1 0 --x4h 0 --defect zh:2
z1-zh#0359	1	--n5 22 --n4 0 --n3 0 --n2 1 --n1 1 --c1 0 --spans 4 --bq1 0 --x4h 0 --defect zh:3
z1-zh#0360	1	--n5 21 --n4 1 --n3 1 --n2 0 --n1 1 --c1 0 --spans 4 --bq1 0 --x4h 0 --defect zh:3
z1-zh#0361	1	--n5 20 --n4 3 --n3 0 --n2 0 --n1 1 --c1 0 --spans 4 --bq1 0 --x4h 0 --defect zh:3
z1-zh#0362	1	--n5 21 --n4 1 --n3 0 --n2 2 --n1 0 --c1 0 --spans 4 --bq1 0 --x4h 0 --defect zh:3
z1-zh#0363	1	--n5 21 --n4 0 --n3 2 --n2 1 --n1 0 --c1 0 --spans 4 --bq1 0 --x4h 0 --defect zh:3
z1-zh#0364	1	--n5 20 --n4 2 --n3 1 --n2 1 --n1 0 --c1 0 --spans 4 --bq1 0 --x4h 0 --defect zh:3
z1-zh#0365	1	--n5 19 --n4 4 --n3 0 --n2 1 --n1 0 --c1 0 --spans 4 --bq1 0 --x4h 0 --defect zh:3
z1-zh#0366	1	--n5 20 --n4 1 --n3 3 --n2 0 --n1 0 --c1 0 --spans 4 --bq1 0 --x4h 0 --defect zh:3
z1-zh#0367	1	--n5 19 --n4 3 --n3 2 --n2 0 --n1 0 --c1 0 --spans 4 --bq1 0 --x4h 0 --defect zh:3
z1-zh#0368	1	--n5 18 --n4 5 --n3 1 --n2 0 --n1 0 --c1 0 --spans 4 --bq1 0 --x4h 0 --defect zh:3
z1-zh#0369	1	--n5 17 --n4 7 --n3 0 --n2 0 --n1 0 --c1 0 --spans 4 --bq1 0 --x4h 0 --defect zh:3
z1-zh#0370	1	--n5 22 --n4 0 --n3 0 --n2 0 --n1 2 --c1 0 --spans 4 --bq1 0 --x4h 0 --defect zh:4
z1-zh#0371	1	--n5 21 --n4 1 --n3 0 --n2 1 --n1 1 --c1 0 --spans 4 --bq1 0 --x4h 0 --defect zh:4
z1-zh#0372	1	--n5 21 --n4 0 --n3 2 --n2 0 --n1 1 --c1 0 --spans 4 --bq1 0 --x4h 0 --defect zh:4
z1-zh#0373	1	--n5 20 --n4 2 --n3 1 --n2 0 --n1 1 --c1 0 --spans 4 --bq1 0 --x4h 0 --defect zh:4
z1-zh#0374	1	--n5 19 --n4 4 --n3 0 --n2 0 --n1 1 --c1 0 --spans 4 --bq1 0 --x4h 0 --defect zh:4
z1-zh#0375	1	--n5 21 --n4 0 --n3 1 --n2 2 --n1 0 --c1 0 --spans 4 --bq1 0 --x4h 0 --defect zh:4
z1-zh#0376	1	--n5 20 --n4 2 --n3 0 --n2 2 --n1 0 --c1 0 --spans 4 --bq1 0 --x4h 0 --defect zh:4
z1-zh#0377	1	--n5 20 --n4 1 --n3 2 --n2 1 --n1 0 --c1 0 --spans 4 --bq1 0 --x4h 0 --defect zh:4
z1-zh#0378	1	--n5 19 --n4 3 --n3 1 --n2 1 --n1 0 --c1 0 --spans 4 --bq1 0 --x4h 0 --defect zh:4
z1-zh#0379	1	--n5 18 --n4 5 --n3 0 --n2 1 --n1 0 --c1 0 --spans 4 --bq1 0 --x4h 0 --defect zh:4
z1-zh#0380	1	--n5 20 --n4 0 --n3 4 --n2 0 --n1 0 --c1 0 --spans 4 --bq1 0 --x4h 0 --defect zh:4
z1-zh#0381	1	--n5 19 --n4 2 --n3 3 --n2 0 --n1 0 --c1 0 --spans 4 --bq1 0 --x4h 0 --defect zh:4
z1-zh#0382	1	--n5 18 --n4 4 --n3 2 --n2 0 --n1 0 --c1 0 --spans 4 --bq1 0 --x4h 0 --defect zh:4
z1-zh#0383	1	--n5 17 --n4 6 --n3 1 --n2 0 --n1 0 --c1 0 --spans 4 --bq1 0 --x4h 0 --defect zh:4
z1-zh#0384	1	--n5 16 --n4 8 --n3 0 --n2 0 --n1 0 --c1 0 --spans 4 --bq1 0 --x4h 0 --defect zh:4
z1-zp3#0385	1	--n5 23 --n4 0 --n3 0 --n2 1 --n1 0 --c1 0 --spans 2 --bq1 0 --x4h 0 --defect zp3:1
z1-zp3#0386	1	--n5 22 --n4 1 --n3 1 --n2 0 --n1 0 --c1 0 --spans 2 --bq1 0 --x4h 0 --defect zp3:1
z1-zp3#0387	1	--n5 21 --n4 3 --n3 0 --n2 0 --n1 0 --c1 0 --spans 2 --bq1 0 --x4h 0 --defect zp3:1
z1-zp3#0388	1	--n5 23 --n4 0 --n3 0 --n2 0 --n1 1 --c1 0 --spans 2 --bq1 0 --x4h 0 --defect zp3:2
z1-zp3#0389	1	--n5 22 --n4 1 --n3 0 --n2 1 --n1 0 --c1 0 --spans 2 --bq1 0 --x4h 0 --defect zp3:2
z1-zp3#0390	1	--n5 22 --n4 0 --n3 2 --n2 0 --n1 0 --c1 0 --spans 2 --bq1 0 --x4h 0 --defect zp3:2
z1-zp3#0391	1	--n5 21 --n4 2 --n3 1 --n2 0 --n1 0 --c1 0 --spans 2 --bq1 0 --x4h 0 --defect zp3:2
z1-zp3#0392	1	--n5 20 --n4 4 --n3 0 --n2 0 --n1 0 --c1 0 --spans 2 --bq1 0 --x4h 0 --defect zp3:2
z1-zp3#0393	1	--n5 22 --n4 1 --n3 0 --n2 0 --n1 1 --c1 0 --spans 2 --bq1 0 --x4h 0 --defect zp3:3
z1-zp3#0394	1	--n5 22 --n4 0 --n3 1 --n2 1 --n1 0 --c1 0 --spans 2 --bq1 0 --x4h 0 --defect zp3:3
z1-zp3#0395	1	--n5 21 --n4 2 --n3 0 --n2 1 --n1 0 --c1 0 --spans 2 --bq1 0 --x4h 0 --defect zp3:3
z1-zp3#0396	1	--n5 21 --n4 1 --n3 2 --n2 0 --n1 0 --c1 0 --spans 2 --bq1 0 --x4h 0 --defect zp3:3
z1-zp3#0397	1	--n5 20 --n4 3 --n3 1 --n2 0 --n1 0 --c1 0 --spans 2 --bq1 0 --x4h 0 --defect zp3:3
z1-zp3#0398	1	--n5 19 --n4 5 --n3 0 --n2 0 --n1 0 --c1 0 --spans 2 --bq1 0 --x4h 0 --defect zp3:3
z1-zp3#0399	1	--n5 22 --n4 0 --n3 1 --n2 0 --n1 1 --c1 0 --spans 2 --bq1 0 --x4h 0 --defect zp3:4
z1-zp3#0400	1	--n5 21 --n4 2 --n3 0 --n2 0 --n1 1 --c1 0 --spans 2 --bq1 0 --x4h 0 --defect zp3:4
z1-zp3#0401	1	--n5 22 --n4 0 --n3 0 --n2 2 --n1 0 --c1 0 --spans 2 --bq1 0 --x4h 0 --defect zp3:4
z1-zp3#0402	1	--n5 21 --n4 1 --n3 1 --n2 1 --n1 0 --c1 0 --spans 2 --bq1 0 --x4h 0 --defect zp3:4
z1-zp3#0403	1	--n5 20 --n4 3 --n3 0 --n2 1 --n1 0 --c1 0 --spans 2 --bq1 0 --x4h 0 --defect zp3:4
z1-zp3#0404	1	--n5 21 --n4 0 --n3 3 --n2 0 --n1 0 --c1 0 --spans 2 --bq1 0 --x4h 0 --defect zp3:4
z1-zp3#0405	1	--n5 20 --n4 2 --n3 2 --n2 0 --n1 0 --c1 0 --spans 2 --bq1 0 --x4h 0 --defect zp3:4
z1-zp3#0406	1	--n5 19 --n4 4 --n3 1 --n2 0 --n1 0 --c1 0 --spans 2 --bq1 0 --x4h 0 --defect zp3:4
z1-zp3#0407	1	--n5 18 --n4 6 --n3 0 --n2 0 --n1 0 --c1 0 --spans 2 --bq1 0 --x4h 0 --defect zp3:4
z1-zp3#0408	1	--n5 23 --n4 0 --n3 0 --n2 0 --n1 1 --c1 0 --spans 3 --bq1 0 --x4h 0 --defect zp3:1
z1-zp3#0409	1	--n5 22 --n4 1 --n3 0 --n2 1 --n1 0 --c1 0 --spans 3 --bq1 0 --x4h 0 --defect zp3:1
z1-zp3#0410	1	--n5 22 --n4 0 --n3 2 --n2 0 --n1 0 --c1 0 --spans 3 --bq1 0 --x4h 0 --defect zp3:1
z1-zp3#0411	1	--n5 21 --n4 2 --n3 1 --n2 0 --n1 0 --c1 0 --spans 3 --bq1 0 --x4h 0 --defect zp3:1
z1-zp3#0412	1	--n5 20 --n4 4 --n3 0 --n2 0 --n1 0 --c1 0 --spans 3 --bq1 0 --x4h 0 --defect zp3:1
z1-zp3#0413	1	--n5 22 --n4 1 --n3 0 --n2 0 --n1 1 --c1 0 --spans 3 --bq1 0 --x4h 0 --defect zp3:2
z1-zp3#0414	1	--n5 22 --n4 0 --n3 1 --n2 1 --n1 0 --c1 0 --spans 3 --bq1 0 --x4h 0 --defect zp3:2
z1-zp3#0415	1	--n5 21 --n4 2 --n3 0 --n2 1 --n1 0 --c1 0 --spans 3 --bq1 0 --x4h 0 --defect zp3:2
z1-zp3#0416	1	--n5 21 --n4 1 --n3 2 --n2 0 --n1 0 --c1 0 --spans 3 --bq1 0 --x4h 0 --defect zp3:2
z1-zp3#0417	1	--n5 20 --n4 3 --n3 1 --n2 0 --n1 0 --c1 0 --spans 3 --bq1 0 --x4h 0 --defect zp3:2
z1-zp3#0418	1	--n5 19 --n4 5 --n3 0 --n2 0 --n1 0 --c1 0 --spans 3 --bq1 0 --x4h 0 --defect zp3:2
z1-zp3#0419	1	--n5 22 --n4 0 --n3 1 --n2 0 --n1 1 --c1 0 --spans 3 --bq1 0 --x4h 0 --defect zp3:3
z1-zp3#0420	1	--n5 21 --n4 2 --n3 0 --n2 0 --n1 1 --c1 0 --spans 3 --bq1 0 --x4h 0 --defect zp3:3
z1-zp3#0421	1	--n5 22 --n4 0 --n3 0 --n2 2 --n1 0 --c1 0 --spans 3 --bq1 0 --x4h 0 --defect zp3:3
z1-zp3#0422	1	--n5 21 --n4 1 --n3 1 --n2 1 --n1 0 --c1 0 --spans 3 --bq1 0 --x4h 0 --defect zp3:3
z1-zp3#0423	1	--n5 20 --n4 3 --n3 0 --n2 1 --n1 0 --c1 0 --spans 3 --bq1 0 --x4h 0 --defect zp3:3
z1-zp3#0424	1	--n5 21 --n4 0 --n3 3 --n2 0 --n1 0 --c1 0 --spans 3 --bq1 0 --x4h 0 --defect zp3:3
z1-zp3#0425	1	--n5 20 --n4 2 --n3 2 --n2 0 --n1 0 --c1 0 --spans 3 --bq1 0 --x4h 0 --defect zp3:3
z1-zp3#0426	1	--n5 19 --n4 4 --n3 1 --n2 0 --n1 0 --c1 0 --spans 3 --bq1 0 --x4h 0 --defect zp3:3
z1-zp3#0427	1	--n5 18 --n4 6 --n3 0 --n2 0 --n1 0 --c1 0 --spans 3 --bq1 0 --x4h 0 --defect zp3:3
z1-zp3#0428	1	--n5 22 --n4 0 --n3 0 --n2 1 --n1 1 --c1 0 --spans 3 --bq1 0 --x4h 0 --defect zp3:4
z1-zp3#0429	1	--n5 21 --n4 1 --n3 1 --n2 0 --n1 1 --c1 0 --spans 3 --bq1 0 --x4h 0 --defect zp3:4
z1-zp3#0430	1	--n5 20 --n4 3 --n3 0 --n2 0 --n1 1 --c1 0 --spans 3 --bq1 0 --x4h 0 --defect zp3:4
z1-zp3#0431	1	--n5 21 --n4 1 --n3 0 --n2 2 --n1 0 --c1 0 --spans 3 --bq1 0 --x4h 0 --defect zp3:4
z1-zp3#0432	1	--n5 21 --n4 0 --n3 2 --n2 1 --n1 0 --c1 0 --spans 3 --bq1 0 --x4h 0 --defect zp3:4
z1-zp3#0433	1	--n5 20 --n4 2 --n3 1 --n2 1 --n1 0 --c1 0 --spans 3 --bq1 0 --x4h 0 --defect zp3:4
z1-zp3#0434	1	--n5 19 --n4 4 --n3 0 --n2 1 --n1 0 --c1 0 --spans 3 --bq1 0 --x4h 0 --defect zp3:4
z1-zp3#0435	1	--n5 20 --n4 1 --n3 3 --n2 0 --n1 0 --c1 0 --spans 3 --bq1 0 --x4h 0 --defect zp3:4
z1-zp3#0436	1	--n5 19 --n4 3 --n3 2 --n2 0 --n1 0 --c1 0 --spans 3 --bq1 0 --x4h 0 --defect zp3:4
z1-zp3#0437	1	--n5 18 --n4 5 --n3 1 --n2 0 --n1 0 --c1 0 --spans 3 --bq1 0 --x4h 0 --defect zp3:4
z1-zp3#0438	1	--n5 17 --n4 7 --n3 0 --n2 0 --n1 0 --c1 0 --spans 3 --bq1 0 --x4h 0 --defect zp3:4
z1-zp3#0439	1	--n5 22 --n4 1 --n3 0 --n2 0 --n1 1 --c1 0 --spans 4 --bq1 0 --x4h 0 --defect zp3:1
z1-zp3#0440	1	--n5 22 --n4 0 --n3 1 --n2 1 --n1 0 --c1 0 --spans 4 --bq1 0 --x4h 0 --defect zp3:1
z1-zp3#0441	1	--n5 21 --n4 2 --n3 0 --n2 1 --n1 0 --c1 0 --spans 4 --bq1 0 --x4h 0 --defect zp3:1
z1-zp3#0442	1	--n5 21 --n4 1 --n3 2 --n2 0 --n1 0 --c1 0 --spans 4 --bq1 0 --x4h 0 --defect zp3:1
z1-zp3#0443	1	--n5 20 --n4 3 --n3 1 --n2 0 --n1 0 --c1 0 --spans 4 --bq1 0 --x4h 0 --defect zp3:1
z1-zp3#0444	1	--n5 19 --n4 5 --n3 0 --n2 0 --n1 0 --c1 0 --spans 4 --bq1 0 --x4h 0 --defect zp3:1
z1-zp3#0445	1	--n5 22 --n4 0 --n3 1 --n2 0 --n1 1 --c1 0 --spans 4 --bq1 0 --x4h 0 --defect zp3:2
z1-zp3#0446	1	--n5 21 --n4 2 --n3 0 --n2 0 --n1 1 --c1 0 --spans 4 --bq1 0 --x4h 0 --defect zp3:2
z1-zp3#0447	1	--n5 22 --n4 0 --n3 0 --n2 2 --n1 0 --c1 0 --spans 4 --bq1 0 --x4h 0 --defect zp3:2
z1-zp3#0448	1	--n5 21 --n4 1 --n3 1 --n2 1 --n1 0 --c1 0 --spans 4 --bq1 0 --x4h 0 --defect zp3:2
z1-zp3#0449	1	--n5 20 --n4 3 --n3 0 --n2 1 --n1 0 --c1 0 --spans 4 --bq1 0 --x4h 0 --defect zp3:2
z1-zp3#0450	1	--n5 21 --n4 0 --n3 3 --n2 0 --n1 0 --c1 0 --spans 4 --bq1 0 --x4h 0 --defect zp3:2
z1-zp3#0451	1	--n5 20 --n4 2 --n3 2 --n2 0 --n1 0 --c1 0 --spans 4 --bq1 0 --x4h 0 --defect zp3:2
z1-zp3#0452	1	--n5 19 --n4 4 --n3 1 --n2 0 --n1 0 --c1 0 --spans 4 --bq1 0 --x4h 0 --defect zp3:2
z1-zp3#0453	1	--n5 18 --n4 6 --n3 0 --n2 0 --n1 0 --c1 0 --spans 4 --bq1 0 --x4h 0 --defect zp3:2
z1-zp3#0454	1	--n5 22 --n4 0 --n3 0 --n2 1 --n1 1 --c1 0 --spans 4 --bq1 0 --x4h 0 --defect zp3:3
z1-zp3#0455	1	--n5 21 --n4 1 --n3 1 --n2 0 --n1 1 --c1 0 --spans 4 --bq1 0 --x4h 0 --defect zp3:3
z1-zp3#0456	1	--n5 20 --n4 3 --n3 0 --n2 0 --n1 1 --c1 0 --spans 4 --bq1 0 --x4h 0 --defect zp3:3
z1-zp3#0457	1	--n5 21 --n4 1 --n3 0 --n2 2 --n1 0 --c1 0 --spans 4 --bq1 0 --x4h 0 --defect zp3:3
z1-zp3#0458	1	--n5 21 --n4 0 --n3 2 --n2 1 --n1 0 --c1 0 --spans 4 --bq1 0 --x4h 0 --defect zp3:3
z1-zp3#0459	1	--n5 20 --n4 2 --n3 1 --n2 1 --n1 0 --c1 0 --spans 4 --bq1 0 --x4h 0 --defect zp3:3
z1-zp3#0460	1	--n5 19 --n4 4 --n3 0 --n2 1 --n1 0 --c1 0 --spans 4 --bq1 0 --x4h 0 --defect zp3:3
z1-zp3#0461	1	--n5 20 --n4 1 --n3 3 --n2 0 --n1 0 --c1 0 --spans 4 --bq1 0 --x4h 0 --defect zp3:3
z1-zp3#0462	1	--n5 19 --n4 3 --n3 2 --n2 0 --n1 0 --c1 0 --spans 4 --bq1 0 --x4h 0 --defect zp3:3
z1-zp3#0463	1	--n5 18 --n4 5 --n3 1 --n2 0 --n1 0 --c1 0 --spans 4 --bq1 0 --x4h 0 --defect zp3:3
z1-zp3#0464	1	--n5 17 --n4 7 --n3 0 --n2 0 --n1 0 --c1 0 --spans 4 --bq1 0 --x4h 0 --defect zp3:3
z1-zp3#0465	1	--n5 22 --n4 0 --n3 0 --n2 0 --n1 2 --c1 0 --spans 4 --bq1 0 --x4h 0 --defect zp3:4
z1-zp3#0466	1	--n5 21 --n4 1 --n3 0 --n2 1 --n1 1 --c1 0 --spans 4 --bq1 0 --x4h 0 --defect zp3:4
z1-zp3#0467	1	--n5 21 --n4 0 --n3 2 --n2 0 --n1 1 --c1 0 --spans 4 --bq1 0 --x4h 0 --defect zp3:4
z1-zp3#0468	1	--n5 20 --n4 2 --n3 1 --n2 0 --n1 1 --c1 0 --spans 4 --bq1 0 --x4h 0 --defect zp3:4
z1-zp3#0469	1	--n5 19 --n4 4 --n3 0 --n2 0 --n1 1 --c1 0 --spans 4 --bq1 0 --x4h 0 --defect zp3:4
z1-zp3#0470	1	--n5 21 --n4 0 --n3 1 --n2 2 --n1 0 --c1 0 --spans 4 --bq1 0 --x4h 0 --defect zp3:4
z1-zp3#0471	1	--n5 20 --n4 2 --n3 0 --n2 2 --n1 0 --c1 0 --spans 4 --bq1 0 --x4h 0 --defect zp3:4
z1-zp3#0472	1	--n5 20 --n4 1 --n3 2 --n2 1 --n1 0 --c1 0 --spans 4 --bq1 0 --x4h 0 --defect zp3:4
z1-zp3#0473	1	--n5 19 --n4 3 --n3 1 --n2 1 --n1 0 --c1 0 --spans 4 --bq1 0 --x4h 0 --defect zp3:4
z1-zp3#0474	1	--n5 18 --n4 5 --n3 0 --n2 1 --n1 0 --c1 0 --spans 4 --bq1 0 --x4h 0 --defect zp3:4
z1-zp3#0475	1	--n5 20 --n4 0 --n3 4 --n2 0 --n1 0 --c1 0 --spans 4 --bq1 0 --x4h 0 --defect zp3:4
z1-zp3#0476	1	--n5 19 --n4 2 --n3 3 --n2 0 --n1 0 --c1 0 --spans 4 --bq1 0 --x4h 0 --defect zp3:4
z1-zp3#0477	1	--n5 18 --n4 4 --n3 2 --n2 0 --n1 0 --c1 0 --spans 4 --bq1 0 --x4h 0 --defect zp3:4
z1-zp3#0478	1	--n5 17 --n4 6 --n3 1 --n2 0 --n1 0 --c1 0 --spans 4 --bq1 0 --x4h 0 --defect zp3:4
z1-zp3#0479	1	--n5 16 --n4 8 --n3 0 --n2 0 --n1 0 --c1 0 --spans 4 --bq1 0 --x4h 0 --defect zp3:4
